method, of, sol, time
heu, -1, [1, 1, 1, 1, 1, 0, 1, 1, 0, 1], 3.552436828613281e-05
exact, -1, [1, 1, 1, 1, 1, 0, 1, 1, 0, 1], 3.552436828613281e-05
