method, of, sol, time
heu, -1, [1, 1, 1, 1, 1, 0, 1, 1, 0, 1], 2.86102294921875e-05
exact, -1, [1, 1, 1, 1, 1, 0, 1, 1, 0, 1], 2.86102294921875e-05
